,Diffusion,Growth,Inflation,Volatilities,Funding Liquidity,Market Liquidity
1984-12-31,0.3333333333333333,100.125,7.91,0.124267274,0.6409999999999999,-0.03602564
1985-01-31,0.38095238095238093,100.1595,7.902,0.12058822300000001,0.442,-0.00841324
1985-02-28,0.42857142857142855,100.1727,7.829,0.099169051,0.6509999999999999,-0.01040315
1985-03-31,0.45454545454545453,100.1734,7.997999999999999,0.093986653,0.674,0.00593392
1985-04-30,0.4090909090909091,100.1587,7.957999999999999,0.07686618099999999,0.5720000000000001,0.01006849
1985-05-31,0.4090909090909091,100.1241,7.827999999999999,0.088405101,0.32299999999999995,6.77e-06
1985-06-30,0.5,100.0715,7.557,0.098653042,0.872,-0.004966399999999999
1985-07-31,0.5454545454545454,100.0027,7.438,0.09658152,0.826,-0.022022
1985-08-31,0.5,99.9296,7.367000000000001,0.08689326,0.8340000000000001,0.02641898
1985-09-30,0.5,99.867,7.25,0.10329274599999999,0.9109999999999999,-0.01917228
1985-10-31,0.5909090909090909,99.8193,7.31,0.086656532,0.711,-0.01874444
1985-11-30,0.5909090909090909,99.7859,7.472,0.099067091,0.8115,-0.00196966
1985-12-31,0.6363636363636364,99.7664,7.76,0.118741629,0.757,-0.01579079
1986-01-31,0.5454545454545454,99.758,7.732,0.155237178,0.8865,-0.06592515
1986-02-28,0.36363636363636365,99.7533,7.185,0.109002117,0.6459999999999999,-0.00938448
1986-03-31,0.36363636363636365,99.7485,6.53,0.12813238300000002,0.865,0.00792626
1986-04-30,0.36363636363636365,99.7434,6.153,0.17102625300000002,0.619,0.02937072
1986-05-31,0.4090909090909091,99.7333,6.228,0.128058513,0.6409999999999999,0.00463582
1986-06-30,0.4090909090909091,99.7232,6.584,0.14011189699999999,0.721,-0.06956802
1986-07-31,0.45454545454545453,99.7144,6.535,0.169412722,0.59,-0.00237977
1986-08-31,0.4090909090909091,99.7168,6.7829999999999995,0.112641714,0.2875,-0.02734166
1986-09-30,0.5909090909090909,99.7312,7.019,0.22033380800000002,0.8059999999999999,-0.00466824
1986-10-31,0.5909090909090909,99.7581,6.94,0.102773596,0.674,0.0393926
1986-11-30,0.5909090909090909,99.8106,6.99,0.1503833,0.601,0.01677837
1986-12-31,0.5909090909090909,99.9015,7.027,0.10007934,0.568,0.01118096
1987-01-31,0.6363636363636364,100.0394,7.015,0.14521888800000002,0.49700000000000005,-0.02911501
1987-02-28,0.6818181818181818,100.211,7.4910000000000005,0.1336332,0.8515,0.00529227
1987-03-31,0.7727272727272727,100.4064,8.117,0.158759299,0.7645,-0.02361702
1987-04-30,0.8181818181818182,100.6124,8.766,0.235495636,1.58,-0.12662749
1987-05-31,0.8181818181818182,100.8078,8.977,0.18160434,1.5519999999999998,0.00544621
1987-06-30,0.7727272727272727,100.9678,8.927,0.109667816,1.3185,0.00750473
1987-07-31,0.7272727272727273,101.0677,9.274,0.091974464,0.77,0.01877447
1987-08-31,0.7272727272727273,101.0935,9.56,0.149700848,0.747,-3.52e-05
1987-09-30,0.5,101.0468,9.652000000000001,0.16916163399999998,1.464,-0.04182135
1987-10-31,0.4090909090909091,100.9459,9.932,0.950343445,2.225,-0.46169773
1987-11-30,0.36363636363636365,100.8313,10.155,0.291746545,2.548,-0.02515845
1987-12-31,0.2727272727272727,100.745,11.052,0.29537066100000003,1.5885,-0.1055248
1988-01-31,0.45454545454545453,100.6422,11.148,0.346635135,1.075,-0.11083843
1988-02-29,0.4782608695652174,100.5855,11.199000000000002,0.15788142300000002,1.0475,-0.03348581
1988-03-31,0.4782608695652174,100.5723,11.23,0.145240796,1.0835,-0.03029858
1988-04-30,0.5652173913043478,100.6008,10.915,0.21401528600000003,1.1455,0.00880543
1988-05-31,0.6956521739130435,100.6625,10.579,0.184062363,1.157,-0.06855347
1988-06-30,0.7391304347826086,100.7412,10.345,0.162363488,1.1805,0.00688993
1988-07-31,0.6956521739130435,100.8181,10.052999999999999,0.159146365,1.3085,0.01712411
1988-08-31,0.6521739130434783,100.8896,9.585,0.130755885,1.0595,-0.02484266
1988-09-30,0.7391304347826086,100.9467,9.309,0.110000123,1.1655,-0.02317842
1988-10-31,0.782608695652174,100.9923,8.796,0.145101273,1.046,-0.04267395
1988-11-30,0.6956521739130435,101.0263,8.297,0.132834583,1.2515,-0.06681857
1988-12-31,0.6956521739130435,101.0395,6.9639999999999995,0.088454055,1.262,-0.02431808
1989-01-31,0.6521739130434783,101.02799999999999,6.659,0.088173713,0.72,0.018425
1989-02-28,0.6521739130434783,100.99700000000001,6.412000000000001,0.12751748400000001,1.3395,-0.0026103000000000003
1989-03-31,0.5833333333333334,100.9468,6.228,0.122788387,1.1285,0.0004919
1989-04-30,0.625,100.8803,6.444,0.105161566,1.2905,-0.02148396
1989-05-31,0.5833333333333334,100.8064,6.602,0.11399925400000001,0.6545,0.04337706
1989-06-30,0.5833333333333334,100.7429,6.504,0.12935146,1.0785,-0.00150094
1989-07-31,0.4583333333333333,100.6949,6.419,0.09327552300000001,0.5205,0.01777991
1989-08-31,0.4583333333333333,100.6633,6.242999999999999,0.131860972,0.845,-0.08467239
1989-09-30,0.5,100.646,6.169,0.085270384,1.0165,0.02786316
1989-10-31,0.5833333333333334,100.6409,6.358,0.268062693,0.6555,-0.15749531
1989-11-30,0.5,100.6515,6.275,0.10482023,0.596,-0.00979964
1989-12-31,0.3333333333333333,100.6725,6.356,0.109254658,0.441,-0.02131812
1990-01-31,0.4166666666666667,100.6924,6.757000000000001,0.171083574,0.366,-0.02371547
1990-02-28,0.375,100.6972,6.9239999999999995,0.13263483,0.385,-0.00493618
1990-03-31,0.2962962962962963,100.68,6.947,0.11199867699999999,0.456,-0.0222797
1990-04-30,0.2962962962962963,100.6221,6.656000000000001,0.111118176,0.6555,0.00903327
1990-05-31,0.25925925925925924,100.5118,6.535,0.11494976300000001,0.375,0.01200611
1990-06-30,0.2222222222222222,100.3303,6.652,0.131966243,0.38299999999999995,0.00178264
1990-07-31,0.18518518518518517,100.0765,6.62,0.130117578,0.1895,-0.02635311
1990-08-31,0.14814814814814814,99.7615,7.138999999999999,0.260970501,0.4515,0.02512102
1990-09-30,0.07407407407407407,99.4232,7.502999999999999,0.165006821,0.8525,-0.01568082
1990-10-31,0.07407407407407407,99.1002,7.721,0.214756029,0.7045,0.05201194
1990-11-30,0.1111111111111111,98.8327,7.834,0.171545035,1.12,0.021800999999999997
1990-12-31,0.07407407407407407,98.6587,7.651,0.100633014,0.995,-0.05574597
1991-01-31,0.25925925925925924,98.5898,7.438,0.187172754,0.68,0.03895971
1991-02-28,0.37037037037037035,98.6332,7.221,0.171872163,0.619,-0.02117548
1991-03-31,0.5,98.7586,7.039,0.133781756,0.46299999999999997,-0.02611774
1991-04-30,0.7142857142857143,98.9215,6.93,0.139661567,0.373,0.00646525
1991-05-31,0.7857142857142857,99.0902,6.921,0.13532060199999998,0.36700000000000005,-0.00602298
1991-06-30,0.7142857142857143,99.2438,6.882999999999999,0.118701866,0.4945,0.04170756
1991-07-31,0.6428571428571429,99.3558,6.901,0.098709084,0.324,-0.00135326
1991-08-31,0.5714285714285714,99.4062,6.522,0.163277099,0.2035,-0.01695233
1991-09-30,0.6071428571428571,99.4021,6.087000000000001,0.07780920200000001,0.371,-0.01442521
1991-10-31,0.6428571428571429,99.3569,5.837999999999999,0.11461176699999999,0.3475,-0.0216945
1991-11-30,0.5714285714285714,99.2959,6.013,0.160933506,0.4735,0.02615505
1991-12-31,0.5,99.2498,6.029,0.134764766,0.3545,-0.05322488
1992-01-31,0.42857142857142855,99.2398,5.646,0.10403452199999999,0.2525,-0.06539798
1992-02-29,0.5,99.2544,5.737,0.112859923,0.233,-0.03882487
1992-03-31,0.5,99.2741,5.928,0.076721767,0.1685,-0.03465568
1992-04-30,0.4642857142857143,99.271,5.832999999999999,0.146708483,0.2915,0.03518324
1992-05-31,0.35714285714285715,99.21799999999999,5.609,0.09565994900000001,0.2925,0.00132677
1992-06-30,0.32142857142857145,99.1061,5.468999999999999,0.092122712,0.2895,0.06758642
1992-07-31,0.25,98.9519,5.225,0.097064938,0.1935,-0.05001814
1992-08-31,0.25,98.7836,5.167999999999999,0.06625552,0.276,-0.00621343
1992-09-30,0.17857142857142858,98.6368,5.166,0.105984952,0.384,0.01457686
1992-10-31,0.25,98.5307,4.936,0.09740055800000001,0.5555,-0.05938488
1992-11-30,0.27586206896551724,98.4718,4.702,0.078354697,0.664,0.00064743
1992-12-31,0.3793103448275862,98.4501,4.626,0.077784386,0.2965,0.00997526
1993-01-31,0.4482758620689655,98.4481,4.809,0.067768185,0.3465,0.01066853
1993-02-28,0.5517241379310345,98.4562,4.7780000000000005,0.122996319,0.1905,-0.03033631
1993-03-31,0.5172413793103449,98.4646,4.643,0.103440079,0.293,-0.03524115
1993-04-30,0.5517241379310345,98.4769,4.629,0.11347919599999999,0.2315,0.00905305
1993-05-31,0.6206896551724138,98.4915,4.654,0.102436339,0.255,-0.01625729
1993-06-30,0.6206896551724138,98.5231,4.6080000000000005,0.08191865,0.2325,-0.01856489
1993-07-31,0.7241379310344828,98.5932,4.782,0.08902748,0.2125,-0.01795869
1993-08-31,0.7241379310344828,98.7111,4.76,0.052524293,0.18,0.04142405
1993-09-30,0.7586206896551724,98.8729,4.599,0.078609859,0.39799999999999996,0.02295099
1993-10-31,0.8275862068965517,99.07,4.577,0.060685986,0.3375,0.00044278
1993-11-30,0.7666666666666667,99.2915,4.467,0.085958196,0.29600000000000004,0.00701532
1993-12-31,0.8,99.5317,4.5089999999999995,0.058721155,0.316,0.04816587
1994-01-31,0.8666666666666667,99.7729,4.256,0.069077326,0.223,0.03945276
1994-02-28,0.8666666666666667,99.986,4.252,0.117145027,0.321,-0.05118445
1994-03-31,0.8064516129032258,100.1821,4.245,0.10123286199999999,0.3845,-0.01754406
1994-04-30,0.7741935483870968,100.3618,4.605,0.134597265,0.3675,-0.07560195
1994-05-31,0.6774193548387096,100.527,4.738,0.098092007,0.381,-0.04146914
1994-06-30,0.6875,100.6831,4.763,0.099620715,0.66,-0.07876295
1994-07-31,0.65625,100.8213,4.749,0.060867277000000004,0.516,0.01170539
1994-08-31,0.6875,100.9315,4.891,0.079163198,0.33899999999999997,-0.0171268
1994-09-30,0.59375,100.9886,4.96,0.10010929699999999,0.727,0.02057847
1994-10-31,0.59375,100.9805,4.906000000000001,0.12223210400000001,0.479,0.029487299999999998
1994-11-30,0.53125,100.8979,5.044,0.09749952699999999,0.4755,-0.01550632
1994-12-31,0.375,100.7409,5.224,0.08678814,0.813,-0.0346367
1995-01-31,0.3125,100.5266,5.4639999999999995,0.058657375,0.3175,0.02206376
1995-02-28,0.28125,100.2942,5.667000000000001,0.07308330099999999,0.312,0.023597099999999996
1995-03-31,0.3235294117647059,100.0704,5.9,0.074758264,0.38,0.00997819
1995-04-30,0.3235294117647059,99.88799999999999,5.952999999999999,0.055883392000000004,0.3275,0.03159925
1995-05-31,0.35294117647058826,99.7591,6.069,0.111950997,0.2615,0.00549143
1995-06-30,0.2647058823529412,99.6767,6.225,0.094038184,0.49058999999999997,-0.02606348
1995-07-31,0.2571428571428571,99.6301,6.142,0.097930564,0.298,-0.00492064
1995-08-31,0.2857142857142857,99.6003,6.1,0.049443312999999996,0.43781000000000003,-0.00307188
1995-09-30,0.2571428571428571,99.5676,6.297000000000001,0.06343777099999999,0.54213,-0.02972287
1995-10-31,0.2857142857142857,99.5334,6.336,0.078513665,0.4285,-0.00932857
1995-11-30,0.2571428571428571,99.5033,6.285,0.07811918799999999,0.38799999999999996,0.03077631
1995-12-31,0.22857142857142856,99.4806,6.307,0.103317067,0.5479999999999999,-0.06585245
1996-01-31,0.37142857142857144,99.4718,6.3870000000000005,0.130983206,0.326,-0.02406434
1996-02-29,0.4,99.4897,6.242000000000001,0.129539407,0.27669,0.02437703
1996-03-31,0.45714285714285713,99.5318,6.185,0.150313484,0.33266,-0.05198898
1996-04-30,0.5428571428571428,99.5901,5.989,0.104237502,0.33038,-0.02575378
1996-05-31,0.5714285714285714,99.648,5.9,0.099973181,0.318,0.01231168
1996-06-30,0.5714285714285714,99.6957,5.694,0.07233505900000001,0.42503,-0.01043103
1996-07-31,0.6285714285714286,99.7344,5.7170000000000005,0.169142113,0.36978,-0.03805803
1996-08-31,0.6285714285714286,99.7709,5.62,0.080905457,0.2815,0.06257344
1996-09-30,0.6857142857142857,99.81200000000001,5.505,0.08505683800000001,0.593,-0.00120862
1996-10-31,0.7142857142857143,99.8597,5.55,0.083722107,0.35100000000000003,-0.01304696
1996-11-30,0.7142857142857143,99.9139,5.562,0.077303509,0.375,-0.00762476
1996-12-31,0.7428571428571429,99.9833,5.53,0.149682104,0.3915,0.01492212
1997-01-31,0.8285714285714286,100.0695,5.334,0.114286952,0.4155,-0.01805322
1997-02-28,0.7714285714285715,100.1706,5.218,0.139963793,0.31906,0.00010695
1997-03-31,0.7714285714285715,100.2762,4.9510000000000005,0.159202975,0.40744,-0.00914433
1997-04-30,0.7428571428571429,100.3841,4.809,0.18601827,0.58341,0.0187029
1997-05-31,0.7142857142857143,100.4889,4.648,0.1547888,0.8725,0.02624563
1997-06-30,0.6857142857142857,100.5865,4.706,0.15725039300000002,0.61425,-0.00984361
1997-07-31,0.7428571428571429,100.6636,4.811,0.145773716,0.47403,-0.00843406
1997-08-31,0.6857142857142857,100.7049,4.905,0.173952711,0.49875,-0.05685736
1997-09-30,0.6,100.7094,4.931,0.146849827,0.6695300000000001,-0.02726881
1997-10-31,0.5714285714285714,100.6707,4.942,0.347736173,0.551,-0.17045339
1997-11-30,0.5142857142857142,100.5962,4.87,0.18733185800000002,0.70434,0.02225625
1997-12-31,0.3142857142857143,100.505,4.798,0.15571269699999998,0.4655,-0.02601744
1998-01-31,0.2857142857142857,100.4123,4.707,0.18073109,0.447,-0.04385878
1998-02-28,0.2857142857142857,100.3211,4.72,0.10809280199999999,0.36569,-0.12011072
1998-03-31,0.2571428571428571,100.22,4.706,0.11559331199999999,0.5909399999999999,-0.05901035
1998-04-30,0.22857142857142856,100.09700000000001,4.5680000000000005,0.14475992,0.74575,0.04140759
1998-05-31,0.14285714285714285,99.9495,4.601,0.11176810699999999,0.6755,0.00691948
1998-06-30,0.14285714285714285,99.779,4.505,0.163804134,0.6095,-0.04217002
1998-07-31,0.11428571428571428,99.6011,4.333,0.164221446,0.6125,-0.0512716
1998-08-31,0.17142857142857143,99.4342,4.107,0.330196079,0.747,-0.05158333
1998-09-30,0.22857142857142856,99.3073,4.01,0.3346636,0.9515,-0.27408101
1998-10-31,0.2571428571428571,99.2512,3.989,0.217217329,0.9015299999999999,-0.043919599999999996
1998-11-30,0.37142857142857144,99.2875,3.95,0.153134336,0.79966,0.04820277
1998-12-31,0.4,99.4067,3.832,0.201141933,0.61363,-0.14833407
1999-01-31,0.5714285714285714,99.5904,3.654,0.207993718,0.51753,0.06342531
1999-02-28,0.7428571428571429,99.8061,3.463,0.218199796,0.35625,-0.08654181
1999-03-31,0.7714285714285715,100.0251,3.5069999999999997,0.200022531,0.525,-0.06150471
1999-04-30,0.8285714285714286,100.2369,3.7680000000000002,0.18711882300000002,0.45375,0.19802355
1999-05-31,0.9142857142857143,100.4421,3.6060000000000003,0.20137463100000003,0.42825,-0.13408331
1999-06-30,0.9142857142857143,100.6354,3.542,0.170722956,0.5885,0.05855012
1999-07-31,0.9142857142857143,100.8147,3.6630000000000003,0.141223977,0.5975,0.06703473
1999-08-31,0.9428571428571428,100.9807,3.822,0.189588838,0.5529999999999999,0.05135435
1999-09-30,0.9428571428571428,101.1393,3.889,0.18484315699999998,1.23275,-0.04828547
1999-10-31,0.9142857142857143,101.2949,3.795,0.249074087,1.097,0.09828173
1999-11-30,0.8857142857142857,101.4449,3.7769999999999997,0.130225265,0.8140000000000001,-0.00169317
1999-12-31,0.8857142857142857,101.5754,3.912,0.112439836,0.81725,-0.07442397
2000-01-31,0.8571428571428571,101.67299999999999,3.9539999999999997,0.259652057,0.3855,-0.06743719999999999
2000-02-29,0.8285714285714286,101.7225,4.203,0.198900246,0.32775,-0.04172311
2000-03-31,0.7714285714285715,101.7299,4.407,0.281756903,0.419,-0.00618156
2000-04-30,0.7428571428571429,101.698,3.918,0.325185308,0.6735,-0.22530357
2000-05-31,0.5714285714285714,101.6281,3.972,0.253130696,1.2435,0.06595434
2000-06-30,0.42857142857142855,101.5268,4.271,0.144259218,0.91438,-0.18106617
2000-07-31,0.3142857142857143,101.3956,4.283,0.165033591,0.50288,0.05562614
2000-08-31,0.2,101.2309,4.052,0.104431304,0.373,-0.07174736
2000-09-30,0.14285714285714285,101.0266,4.053999999999999,0.138835349,0.60125,-0.16872981
2000-10-31,0.14285714285714285,100.7741,3.9,0.270596522,0.371,-0.13664786
2000-11-30,0.05714285714285714,100.476,3.912,0.197786173,0.513,-0.14439405
2000-12-31,0.02857142857142857,100.1418,3.764,0.265056811,0.50375,0.09559686
2001-01-31,0.02857142857142857,99.8044,3.78,0.22880231,0.42725,-0.14739081
2001-02-28,0.08571428571428572,99.5013,3.653,0.164817303,0.1935,-0.0568465
2001-03-31,0.08571428571428572,99.2537,3.437,0.30333498,0.59275,-0.06035493
2001-04-30,0.08571428571428572,99.0652,3.935,0.307398508,0.45325,-0.06215272
2001-05-31,0.08571428571428572,98.9262,4.273,0.17645997100000002,0.374,0.10054836
2001-06-30,0.2,98.8012,4.093,0.138823077,0.18025,0.0159363
2001-07-31,0.2,98.6813,3.6910000000000003,0.19202023899999998,0.146,-0.04836669
2001-08-31,0.2,98.5713,3.721,0.16015163699999999,0.0955,-0.05230665
2001-09-30,0.22857142857142856,98.4925,3.6519999999999997,0.305950383,0.21899999999999997,-0.04060099
2001-10-31,0.34285714285714286,98.4917,3.4819999999999998,0.188906945,0.188,0.0699131
2001-11-30,0.45714285714285713,98.5895,3.238,0.142666282,0.30588000000000004,0.02057022
2001-12-31,0.5428571428571428,98.7708,3.113,0.15427033,0.15625,0.01329669
2002-01-31,0.7714285714285715,98.9953,3.1189999999999998,0.16810510899999997,0.12300000000000001,-0.06933654
2002-02-28,0.8571428571428571,99.2233,3.031,0.19238049100000001,0.14300000000000002,-0.01014436
2002-03-31,0.8285714285714286,99.4098,3.116,0.160657936,0.243,0.06089692
2002-04-30,0.7428571428571429,99.5108,2.957,0.167105465,0.1582,-0.10984668
2002-05-31,0.6285714285714286,99.5095,2.5610000000000004,0.230619265,0.17575,-0.03394845
2002-06-30,0.37142857142857144,99.4132,2.4019999999999997,0.213544583,0.1804,-0.11584185
2002-07-31,0.17142857142857143,99.2572,2.57,0.43677801,0.13365,-0.06592232
2002-08-31,0.05714285714285714,99.0818,2.7060000000000004,0.321812385,0.13685,-0.02471742
2002-09-30,0.11428571428571428,98.9079,2.53,0.298781053,0.2433,-0.17025101
2002-10-31,0.14285714285714285,98.7534,2.7,0.344933937,0.24135,-0.30762302
2002-11-30,0.17142857142857143,98.6237,2.8360000000000003,0.238327215,0.215,-0.03852698
2002-12-31,0.22857142857142856,98.5054,2.86,0.180698031,0.1902,-0.17765633
2003-01-31,0.22857142857142856,98.3937,2.838,0.22728019600000002,0.1808,-0.08552163
2003-02-28,0.2571428571428571,98.3048,3.091,0.19049929699999998,0.1504,-0.04021868
2003-03-31,0.22857142857142856,98.2715,3.142,0.283537359,0.17075,-0.10824941
2003-04-30,0.37142857142857144,98.3217,2.6069999999999998,0.188915988,0.2018,-0.0520915
2003-05-31,0.5142857142857142,98.4495,2.41,0.166715564,0.1821,0.02654334
2003-06-30,0.6285714285714286,98.6421,2.4019999999999997,0.162101394,0.27075,-0.01773686
2003-07-31,0.8,98.8829,2.3609999999999998,0.156452109,0.17687999999999998,-0.03637369
2003-08-31,0.9142857142857143,99.1563,2.34,0.104322896,0.1719,-0.01409055
2003-09-30,0.9142857142857143,99.4481,2.377,0.147736562,0.2224,-0.11151611
2003-10-31,0.9142857142857143,99.7369,2.19,0.10268134300000001,0.22178,-0.040813199999999994
2003-11-30,0.9142857142857143,99.9963,2.013,0.11084669999999999,0.24468,-0.0509734
2003-12-31,0.8571428571428571,100.208,2.023,0.09412940199999999,0.23478000000000002,-0.02134025
2004-01-31,0.8571428571428571,100.3655,1.945,0.113039087,0.2232,-0.10836096
2004-02-29,0.7714285714285715,100.4677,1.8,0.090147431,0.1826,-0.03629706
2004-03-31,0.8571428571428571,100.5241,1.768,0.15573974699999998,0.1725,0.02709084
2004-04-30,0.7714285714285715,100.5416,2.097,0.125075516,0.2222,-0.05259627
2004-05-31,0.6857142857142857,100.5287,2.5639999999999996,0.113401244,0.255,-0.00584636
2004-06-30,0.6,100.4955,2.718,0.100055325,0.3488,0.05580165
2004-07-31,0.5714285714285714,100.4495,2.6210000000000004,0.092068311,0.2655,-0.03592135
2004-08-31,0.5714285714285714,100.4007,2.496,0.135428811,0.2222,0.00419211
2004-09-30,0.4857142857142857,100.3643,2.383,0.09635911800000001,0.3197,-0.02612415
2004-10-31,0.5142857142857142,100.3423,2.803,0.11517482,0.2757,0.01505644
2004-11-30,0.4857142857142857,100.3296,2.95,0.102036074,0.1873,-0.01810987
2004-12-31,0.45714285714285713,100.3097,2.7689999999999997,0.080349462,0.35268,-0.07001299
2005-01-31,0.34285714285714286,100.2664,2.5180000000000002,0.102328084,0.2924,-0.00561092
2005-02-28,0.2857142857142857,100.1955,2.519,0.107294116,0.175,-0.05566893
2005-03-31,0.2857142857142857,100.1111,2.6069999999999998,0.10291649300000001,0.3536,-0.0200019
2005-04-30,0.3142857142857143,100.044,2.74,0.153450009,0.3209,-0.12695313
2005-05-31,0.37142857142857144,100.0188,2.386,0.103412516,0.3977,0.0035797
2005-06-30,0.42857142857142855,100.0501,2.206,0.07742565400000001,0.40015,0.0019765
2005-07-31,0.6,100.12899999999999,2.556,0.08818448699999999,0.3067,0.02442722
2005-08-31,0.6857142857142857,100.2467,2.741,0.091095149,0.3723,0.04779531
2005-09-30,0.8285714285714286,100.3976,3.272,0.09334252800000001,0.5274,-0.02282613
2005-10-31,0.8571428571428571,100.5773,3.009,0.154655743,0.3823,-0.051763699999999996
2005-11-30,0.8857142857142857,100.7724,2.5610000000000004,0.077582741,0.4885,0.08820635
2005-12-31,0.9142857142857143,100.9583,2.6039999999999996,0.060597794,0.46225,-0.0239666
2006-01-31,0.9428571428571428,101.1143,2.9730000000000003,0.111822903,0.22,-0.05568256
2006-02-28,0.8571428571428571,101.23299999999999,2.7680000000000002,0.093830235,0.2069,-0.05908258
2006-03-31,0.9142857142857143,101.3114,2.585,0.07899581,0.3977,-0.02457918
2006-04-30,0.8571428571428571,101.3511,2.79,0.090228241,0.3722,0.01282215
2006-05-31,0.7714285714285715,101.3613,3.1210000000000004,0.128590755,0.40513000000000005,-0.02519272
2006-06-30,0.7142857142857143,101.3648,3.236,0.160382332,0.50493,-0.06745814
2006-07-31,0.6571428571428571,101.3825,3.162,0.138677193,0.39723,0.00392041
2006-08-31,0.6285714285714286,101.4349,3.068,0.072311622,0.3678,0.01674504
2006-09-30,0.7428571428571429,101.5264,2.182,0.080064649,0.4981,-0.06006415
2006-10-31,0.8571428571428571,101.6448,1.7590000000000001,0.071180412,0.29793000000000003,0.03231136
2006-11-30,0.9142857142857143,101.7763,2.097,0.082196167,0.3507,-0.00477928
2006-12-31,0.9142857142857143,101.9085,2.3569999999999998,0.06806583599999999,0.3539,0.02912667
2007-01-31,0.9142857142857143,102.0267,2.089,0.076419979,0.2569,0.04338604
2007-02-28,0.9142857142857143,102.1305,2.262,0.141513351,0.22423,-0.00636273
2007-03-31,0.8857142857142857,102.2174,2.505,0.13724619400000002,0.3224,-0.03858859
2007-04-30,0.7714285714285715,102.2849,2.416,0.080707371,0.5149,-0.01314712
2007-05-31,0.7428571428571429,102.3248,2.395,0.090726286,0.6289,0.02691214
2007-06-30,0.7142857142857143,102.3289,2.377,0.13804511,0.5579999999999999,0.06254018
2007-07-31,0.5714285714285714,102.29299999999999,2.193,0.171728342,0.41806000000000004,-0.0028012
2007-08-31,0.45714285714285713,102.2184,1.9769999999999999,0.239080947,1.51535,-0.15688331
2007-09-30,0.4,102.1229,2.415,0.15800107800000002,1.43315,-0.04698278
2007-10-31,0.34285714285714286,102.0145,2.969,0.140234986,0.98255,-0.19141352
2007-11-30,0.2857142857142857,101.8874,3.515,0.25560997,1.98675,-0.16848869
2007-12-31,0.2,101.7441,3.4560000000000004,0.176273349,1.4657,-0.04286566
2008-01-31,0.14285714285714285,101.5739,3.623,0.2447485,1.17098,-0.15709411
2008-02-29,0.11428571428571428,101.3627,3.588,0.205005305,1.2195,0.07933861
2008-03-31,0.08571428571428572,101.1054,3.654,0.28991758300000003,1.37253,-0.26874675
2008-04-30,0.05714285714285714,100.7946,3.589,0.145754315,1.4728,0.06011212
2008-05-31,0.05714285714285714,100.40700000000001,3.958,0.133573623,0.8016300000000001,-0.01916144
2008-06-30,0.02857142857142857,99.9191,4.524,0.199919569,1.05253,-0.08686875
2008-07-31,0.0,99.3176,4.93,0.23369068699999998,1.13185,-0.17516923
2008-08-31,0.0,98.6027,4.777,0.212269968,1.10033,-0.00480399
2008-09-30,0.0,97.7926,4.524,0.5576489,3.1481,-0.10135535
2008-10-31,0.0,96.9461,3.793,0.86010124,2.59025,-0.22933114
2008-11-30,0.0,96.1711,2.3169999999999997,0.694775633,2.1762799999999998,0.07299935
2008-12-31,0.08571428571428572,95.5637,1.619,0.369506199,1.3489,-0.30817351
2009-01-31,0.11428571428571428,95.1826,1.371,0.392618187,0.9581799999999999,-0.0415393
2009-02-28,0.2,95.0568,1.42,0.356457675,1.01788,-0.03539015
2009-03-31,0.2857142857142857,95.1898,0.971,0.47621482200000004,0.99098,-0.09957398
2009-04-30,0.7142857142857143,95.5536,0.711,0.30427668399999996,0.89155,-0.09607496
2009-05-31,0.9714285714285714,96.0767,0.165,0.287464863,0.52645,-0.07202845
2009-06-30,0.9714285714285714,96.6876,-0.07200000000000001,0.19162562100000002,0.4175,-0.04055036
2009-07-31,1.0,97.3237,-0.59,0.179179583,0.30388000000000004,0.07998253
2009-08-31,1.0,97.9401,-0.264,0.15976858900000002,0.2106,-0.0159157
2009-09-30,0.9714285714285714,98.5043,-0.27,0.128966573,0.17937999999999998,0.01415541
2009-10-31,0.9714285714285714,98.9917,0.214,0.20621614800000002,0.23603000000000002,-0.06076067
2009-11-30,0.9714285714285714,99.3987,1.2790000000000001,0.15622191900000001,0.20995999999999998,-0.0352335
2009-12-31,0.9714285714285714,99.7324,1.834,0.10208570300000001,0.20293,0.13701863
2010-01-31,0.9142857142857143,99.9975,2.0469999999999997,0.162195425,0.18006,0.05788092
2010-02-28,0.8857142857142857,100.196,1.88,0.180294595,0.13709000000000002,0.01458775
2010-03-31,0.8857142857142857,100.3385,2.048,0.075116027,0.1414,0.01741274
2010-04-30,0.8571428571428571,100.4194,2.066,0.15172425,0.19236,-0.06437702
2010-05-31,0.7142857142857143,100.4449,1.946,0.321120974,0.38105,-0.07897659
2010-06-30,0.6285714285714286,100.4449,1.4609999999999999,0.242716548,0.36354000000000003,-0.05561637
2010-07-31,0.6,100.4565,1.577,0.202219444,0.31375,-0.01799447
2010-08-31,0.6571428571428571,100.5041,1.516,0.162411046,0.16883,0.00024009999999999998
2010-09-30,0.6857142857142857,100.5871,1.631,0.131924627,0.1368,-0.03019905
2010-10-31,0.8,100.695,1.781,0.11564527599999999,0.17544,-0.04022331
2010-11-30,0.8571428571428571,100.8196,1.726,0.151767396,0.14511,-0.01660529
2010-12-31,0.6571428571428571,100.9361,1.9680000000000002,0.045748235,0.18311,0.03734654
2011-01-31,0.6857142857142857,101.01799999999999,2.045,0.105373835,0.15938,-0.03439518
2011-02-28,0.6857142857142857,101.0367,2.2680000000000002,0.117752077,0.1746,-0.01118413
2011-03-31,0.42857142857142855,100.9779,2.56,0.154508073,0.2117,-0.032414799999999994
2011-04-30,0.2,100.8432,2.792,0.088928898,0.2375,0.00998302
2011-05-31,0.14285714285714285,100.6447,3.04,0.110739685,0.20728000000000002,0.01771409
2011-06-30,0.08571428571428572,100.3993,3.002,0.153297543,0.23555,-0.0086256
2011-07-31,0.05714285714285714,100.1346,3.0789999999999997,0.154896195,0.16399999999999998,-0.01355186
2011-08-31,0.02857142857142857,99.8858,3.165,0.49532429200000005,0.31701999999999997,-0.05098853
2011-09-30,0.02857142857142857,99.6951,3.217,0.295871121,0.35403,0.01293392
2011-10-31,0.11428571428571428,99.5894,3.082,0.274671563,0.44464,-0.042594400000000004
2011-11-30,0.2,99.5623,3.08,0.30172660100000004,0.52889,-0.09608036
2011-12-31,0.2857142857142857,99.5872,2.8510000000000004,0.191116051,0.5708,0.01012265
2012-01-31,0.3142857142857143,99.6279,2.793,0.085827346,0.49155,0.01929444
2012-02-29,0.42857142857142855,99.6508,2.79,0.08488815300000001,0.40795,0.03100358
2012-03-31,0.5714285714285714,99.6334,2.647,0.11891953400000001,0.40205,-0.01914488
2012-04-30,0.45714285714285713,99.5699,2.464,0.146821385,0.37435,0.00871881
2012-05-31,0.2857142857142857,99.4714,2.064,0.127862524,0.40095,0.08349386
2012-06-30,0.2857142857142857,99.3588,2.001,0.186332665,0.3795,0.01774705
2012-07-31,0.2571428571428571,99.2606,1.882,0.142963323,0.3463,0.01630329
2012-08-31,0.2857142857142857,99.1936,2.0580000000000003,0.062514768,0.34725,-0.0417285
2012-09-30,0.34285714285714286,99.1687,2.213,0.116714363,0.2672,0.04557387
2012-10-31,0.37142857142857144,99.1834,2.2359999999999998,0.108886035,0.20625,-0.02180944
2012-11-30,0.42857142857142855,99.23700000000001,1.9380000000000002,0.153681298,0.2344,-0.01304722
2012-12-31,0.5428571428571428,99.3279,1.8619999999999999,0.11704209,0.2654,0.01119825
2013-01-31,0.5714285714285714,99.4455,1.7280000000000002,0.055481601,0.22699999999999998,0.01585515
2013-02-28,0.6571428571428571,99.5769,1.817,0.128512304,0.1857,-0.02505065
2013-03-31,0.6857142857142857,99.705,1.577,0.07473917,0.2116,0.02583926
2013-04-30,0.6857142857142857,99.8304,1.2670000000000001,0.146566485,0.2275,-0.00685751
2013-05-31,0.6571428571428571,99.9537,1.494,0.104188266,0.24995,0.00370257
2013-06-30,0.7142857142857143,100.0717,1.808,0.17228345,0.2427,-0.02855361
2013-07-31,0.7142857142857143,100.1813,1.9669999999999999,0.070732878,0.2301,-0.02128044
2013-08-31,0.7428571428571429,100.2838,1.702,0.095451855,0.2392,-0.03568684
2013-09-30,0.7142857142857143,100.374,1.4969999999999999,0.087581935,0.24375,-0.0241327
2013-10-31,0.7428571428571429,100.446,1.304,0.125501619,0.2065,0.069053
2013-11-30,0.7428571428571429,100.4997,1.466,0.089595798,0.1833,-0.06684186
2013-12-31,0.7714285714285715,100.5316,1.6369999999999998,0.09658347199999999,0.1802,0.0302457
2014-01-31,0.6857142857142857,100.5481,1.656,0.125597945,0.2163,-0.00670812
2014-02-28,0.6285714285714286,100.5625,1.456,0.127683582,0.19005,0.01876362
2014-03-31,0.6,100.5786,1.581,0.10324890800000001,0.2002,-0.00108249
2014-04-30,0.5428571428571428,100.5824,2.032,0.1319711,0.19805,-0.00595369
2014-05-31,0.45714285714285713,100.5716,2.094,0.084050634,0.19699999999999998,-0.07604789999999999
2014-06-30,0.34285714285714286,100.5511,2.0709999999999997,0.05925614,0.2104,0.03531573
2014-07-31,0.34285714285714286,100.5266,1.975,0.108021349,0.2188,0.00959118
2014-08-31,0.42857142857142855,100.5043,1.835,0.07790913,0.2133,-0.00700054
2014-09-30,0.42857142857142855,100.4908,1.7590000000000001,0.09703216099999999,0.2199,0.00941009
2014-10-31,0.4,100.4803,1.758,0.18601072800000001,0.22699999999999998,0.03163113
2014-11-30,0.4,100.4722,1.547,0.054375023,0.2235,-0.0409406
2014-12-31,0.5142857142857142,100.4655,1.1340000000000001,0.158956264,0.2201,0.02835775
2015-01-31,0.5714285714285714,100.4634,0.5870000000000001,0.17005444100000003,0.2531,4.5e-07
2015-02-28,0.5714285714285714,100.4629,0.648,0.109188529,0.25175,-0.00776759
2015-03-31,0.5428571428571428,100.4578,0.691,0.147734108,0.25045,-0.04323792
2015-04-30,0.5714285714285714,100.4387,0.555,0.085448505,0.27875,-0.02168402
2015-05-31,0.4857142857142857,100.3961,0.69,0.108101196,0.28375,0.01912767
2015-06-30,0.45714285714285713,100.3309,0.703,0.116495703,0.2781,0.01125607
2015-07-31,0.37142857142857144,100.2418,0.682,0.12092186199999999,0.2476,0.04048247
2015-08-31,0.3142857142857143,100.1417,0.6709999999999999,0.274125986,0.2782,0.02574529
2015-09-30,0.3142857142857143,100.046,0.534,0.20529150899999998,0.3453,-0.048837
2015-10-31,0.4,99.9629,0.6859999999999999,0.126356861,0.2629,0.008067399999999999
2015-11-30,0.4,99.8832,0.805,0.12180938,0.2484,-0.12188252
2015-12-31,0.37142857142857144,99.801,0.963,0.185369858,0.45,-0.08145102
2016-01-31,0.3142857142857143,99.7237,1.287,0.23641113,0.3023,-0.08344219
2016-02-29,0.34285714285714286,99.662,1.062,0.185740035,0.3177,0.00319194
2016-03-31,0.42857142857142855,99.6297,0.9390000000000001,0.090739717,0.4303,-0.02086384
2016-04-30,0.45714285714285713,99.6233,0.948,0.101526516,0.4281,0.08322854
2016-05-31,0.4857142857142857,99.6299,0.92,0.11114853699999999,0.4009,-0.04462363
2016-06-30,0.6,99.6478,1.005,0.194593498,0.3954,-0.01965535
2016-07-31,0.6,99.6823,0.993,0.074245153,0.5055,0.06304952
2016-08-31,0.6571428571428571,99.7425,1.058,0.054830959000000005,0.50953,0.00842886
2016-09-30,0.7142857142857143,99.8325,1.285,0.14896527199999998,0.57977,-0.04123357
2016-10-31,0.8571428571428571,99.9449,1.452,0.067186277,0.58498,0.1031881
2016-11-30,0.8571428571428571,100.0649,1.5419999999999998,0.104085615,0.45707,-0.07617042
2016-12-31,0.8857142857142857,100.1828,1.8769999999999998,0.080440662,0.50049,0.00176804
2017-01-31,0.8571428571428571,100.288,2.358,0.065103021,0.52186,0.04593174
2017-02-28,0.8571428571428571,100.3827,2.55,0.04618434,0.4598,-0.0574389
2017-03-31,0.8571428571428571,100.4687,2.358,0.068151873,0.39796,-0.01058006
2017-04-30,0.8857142857142857,100.5468,2.396,0.072214482,0.38003000000000003,-0.02999426
2017-05-31,0.7714285714285715,100.6211,2.16,0.081007895,0.2394,0.10504909999999999
2017-06-30,0.6857142857142857,100.697,1.972,0.070480713,0.28786999999999996,0.04242762
2017-07-31,0.7142857142857143,100.7723,2.0069999999999997,0.056446745,0.23815999999999998,-0.01941366
2017-08-31,0.8,100.8492,2.22,0.09922757300000001,0.32678,0.02982534
2017-09-30,0.7714285714285715,100.9219,2.378,0.056269334000000004,0.29339,0.05203451
2017-10-31,0.6857142857142857,100.9808,2.224,0.049621596,0.25001999999999996,0.02674841
2017-11-30,0.6857142857142857,101.0199,2.411,0.064971186,0.23138000000000003,0.0346421
2017-12-31,0.6857142857142857,101.0377,2.344,0.056326249,0.31858000000000003,0.03738427
2018-01-31,0.6,101.037,2.195,0.08891542,0.32266999999999996,-0.05293457
2018-02-28,0.45714285714285713,101.0183,2.211,0.265012161,0.36539,0.00316478
2018-03-31,0.3142857142857143,100.9736,2.285,0.20151165199999999,0.61165,0.02888842
2018-04-30,0.2571428571428571,100.9037,2.273,0.155763135,0.56334,-0.0786278
2018-05-31,0.22857142857142856,100.8096,2.612,0.10486986,0.42665,0.02705336
2018-06-30,0.17142857142857143,100.6904,2.79,0.081721643,0.42345,0.100427
2018-07-31,0.17142857142857143,100.5472,2.888,0.088589905,0.32826,-0.02330024
2018-08-31,0.14285714285714285,100.3843,2.897,0.07294629,0.22695,0.09291973
2018-09-30,0.05714285714285714,100.2082,2.9130000000000003,0.055119084000000006,0.20198,-0.04382566
2018-10-31,0.02857142857142857,100.0307,3.109,0.238618625,0.2334,-0.06898593
2018-11-30,0.11428571428571428,99.8699,2.7060000000000004,0.190023905,0.39373,0.01574058
2018-12-31,0.14285714285714285,99.7328,2.391,0.293649885,0.45273,-0.0638512
2019-01-31,0.2,99.6269,2.112,0.189978927,0.3536,-0.03148679
2019-02-28,0.22857142857142856,99.5481,2.093,0.084119565,0.18253,0.06561846
2019-03-31,0.2857142857142857,99.4817,2.282,0.118178072,0.21885,0.00163278
2019-04-30,0.2571428571428571,99.4058,2.485,0.051974544000000004,0.16573,0.03701845
2019-05-31,0.2571428571428571,99.3137,2.265,0.145928172,0.1626,-0.02204523
2019-06-30,0.22857142857142856,99.211,2.083,0.105495419,0.23308,-0.09717417
2019-07-31,0.22857142857142856,99.1119,2.158,0.083503102,0.20403,0.07267815
2019-08-31,0.2,99.0326,1.962,0.23521719600000002,0.16113,0.04584545
2019-09-30,0.22857142857142856,98.9866,1.679,0.088490203,0.27803,-0.04788306
2019-10-31,0.2571428571428571,98.9713,1.65,0.10820500300000001,0.37825,-0.06796135
2019-11-30,0.4,98.9718,1.8969999999999998,0.05756039,0.3383,-0.04572686
2019-12-31,0.42857142857142855,98.9665,2.168,0.069019398,0.36478,-0.01960538
2020-01-31,0.42857142857142855,98.93700000000001,2.381,0.11769226699999999,0.21293,-0.04190264
2020-02-29,0.3142857142857143,98.8765,2.2769999999999997,0.245883259,0.19575,0.00824284
2020-03-31,0.2571428571428571,96.6716,1.7519999999999998,0.9607040370000001,1.3895,-0.25802929999999996
2020-04-30,0.05714285714285714,91.3677,0.857,0.380284795,0.47733000000000003,0.01000256
2020-05-31,0.08571428571428572,93.3511,0.7090000000000001,0.22931469399999999,0.2194,-0.0567403
2020-06-30,0.8,96.1039,1.087,0.307346577,0.1727,-0.01227106
2020-07-31,0.9714285714285714,97.4876,1.204,0.1392227,0.16505,0.03426739
2020-08-31,0.9142857142857143,98.0803,1.2830000000000001,0.08194887599999999,0.14458,0.00383215
2020-09-30,0.9714285714285714,98.286,1.304,0.250978486,0.14238,-0.09547794
2020-10-31,0.8857142857142857,98.553,1.183,0.215991052,0.12935,-0.04482834
2020-11-30,0.8857142857142857,98.8812,1.173,0.161135205,0.15642999999999999,0.05415954
2020-12-31,0.9142857142857143,99.2635,1.244,0.083030267,0.18008,0.02731808
2021-01-31,0.9428571428571428,99.5468,1.556,0.167618928,0.15367999999999998,0.10311356
2021-02-28,0.8857142857142857,99.8968,1.744,0.157554694,0.15538,-0.02910621
2021-03-31,0.8857142857142857,100.30799999999999,2.391,0.14524458199999998,0.17905,-0.0765584
2021-04-30,0.9142857142857143,100.5979,3.3339999999999996,0.105566921,0.17388,-0.04612418
2021-05-31,0.9142857142857143,100.7857,3.8510000000000004,0.14079207,0.12888,-0.05344781
2021-06-30,0.9428571428571428,100.8934,4.04,0.087882529,0.10515,-0.03793974
2021-07-31,0.8285714285714286,100.9226,4.229,0.11972954400000001,0.07715,0.00637972
2021-08-31,0.7714285714285715,100.8857,4.348,0.08192529400000001,0.08413,0.01241843
2021-09-30,0.6285714285714286,100.814,4.592,0.130115242,0.09713,-0.01686562
2021-10-31,0.45714285714285713,100.7223,5.231,0.106961924,0.08405,-0.00621351
2021-11-30,0.4,100.6195,5.861000000000001,0.132260945,0.12765,0.01416643
2021-12-31,0.34285714285714286,100.5072,6.553999999999999,0.166531715,0.17873,0.06056828
